id,Status
868549795,Active
901131235,Active
1084754252,Active
1147408314,Active
1169438480,Active
1368236850,Active
1392450798,Active
1460038886,Active
1558861508,Active
1616064211,Active
1910697216,Active
2182606332,Active
2270413154,Active
2277338033,Active
2360450804,Active
2366000437,Active
2460092341,Active
2460974640,Active
2658842593,Active
2800466323,Active
2834230515,Active
2842156169,Active
2858925305,Active
2994238670,Active
3002457954,Active
3077923751,Active
3086133399,Active
3091759240,Active
3304499628,Active
3346772775,Active
3404578630,Active
3410256856,Active
3997870336,Active
701157115742650368,Active
707300463318847488,Active
707543656832471040,Active
851540730,Suspended
860691823,Suspended
908064396,Suspended
920734206,Suspended
987413828,Suspended
989767374,Suspended
1058808528,Suspended
1082171360,Suspended
1089076532,Suspended
1113245642,Suspended
1210332085,Deleted
1226240797,Suspended
1254645558,Suspended
1270821780,Deleted
1325337348,Suspended
1341686353,Suspended
1357695877,Deleted
1401244394,Suspended
1441308799,Suspended
1455286956,Suspended
1506905197,Suspended
1613277932,Suspended
1652071291,Suspended
1661094252,Suspended
1726823845,Suspended
2162210552,Suspended
2233679516,Suspended
2384621232,Suspended
2407825602,Suspended
2414616132,Suspended
2454317240,Suspended
2514475647,Suspended
2521350702,Suspended
2749640440,Suspended
2802845137,Suspended
2829196009,Suspended
2856066637,Suspended
2878212065,Suspended
2896439073,Suspended
2922345639,Suspended
2987245137,Suspended
3031988608,Suspended
3066795690,Deleted
3119526652,Suspended
3131529893,Suspended
3183063212,Deleted
3312050120,Suspended
3376927462,Deleted
3433069607,Suspended
3870061702,Suspended
4402041737,Deleted
4513515614,Suspended
4615453154,Deleted
4918885219,Suspended
704462639242616832,Deleted
704950435942105088,Suspended
705097012736200704,Suspended
708437804670455808,Deleted
711623943631851520,Deleted
717363629847396352,Suspended
718989462978453504,Deleted
720492913491382272,Deleted
723896723794440320,Deleted
726137975264825344,Deleted
766259231431548928,Active
796899745889402880,Active
808648679645069312,Active
816774935175634944,Active
824038218916130816,Active
911949868343607296,Active
912022244808732672,Active
947850520194039808,Active
1050430066214297600,Active
728356089029373952,Suspended
729389585445363712,Deleted
735878842519289728,Deleted
751563742069006208,Deleted
754901630101753728,Deleted
756136485015945216,Deleted
763952535245688832,Deleted
768662780291317760,Suspended
780829149950726144,Suspended
784566226999767040,Suspended
787123822109523840,Deleted
790915455976411008,Deleted
792713303621533696,Suspended
796380274435227520,Deleted
801225039081312128,Deleted
819231737637117952,Suspended
821896291122823040,Deleted
823277621890977920,Deleted
824342652443193344,Deleted
825074418011471872,Deleted
826278432161935360,Suspended
831044722177224704,Deleted
838293705907916800,Suspended
840194109017075712,Deleted
841885784068222848,Deleted
844242728091357184,Suspended
844716665866780672,Deleted
845460673060634624,Deleted
847244369384034304,Deleted
848357257150648320,Suspended
848527946134540160,Deleted
858676042009071616,Deleted
866854766067933184,Suspended
870468896255385600,Deleted
873243062604107648,Deleted
885957619919200128,Deleted
886291360692752384,Deleted
889998697013976960,Deleted
892167582626717696,Suspended
897358960239443840,Deleted
909522189904433280,Deleted
910700376038543232,Deleted
915240567482830720,Deleted
921053539559813120,Deleted
930872267952742400,Suspended
935640169176219520,Deleted
938152602935726080,Deleted
942034931483418624,Deleted
951213685015445632,Deleted
955685794433318656,Deleted
958199613781106560,Deleted
969514750492147456,Deleted
972587059448868864,Deleted
974117468275969920,Deleted
977254766983164032,Deleted
978120517445038080,Suspended
978360743207866368,Deleted
992274807537324032,Suspended
995397007756886016,Deleted
998941009965998080,Deleted
1001173159675072256,Deleted
1002169745737691136,Suspended
1011708602392999936,Deleted
1018648320355585920,Deleted
1019822013760720896,Deleted
1028305702081765120,Deleted
1033810899729960832,Deleted
1036245311721635840,Deleted
1036828279968280320,Deleted
1039240054147829632,Deleted
1040707285218205696,Suspended
1042920837509132160,Deleted
1049655355008016384,Deleted
1055930895125937920,Deleted
1068156638312497280,Deleted
1068900707489713920,Deleted
1070441409675755520,Deleted
1073859867037839232,Deleted
1080796608839614464,Suspended
1089847455003365120,Deleted
1089915201196044160,Deleted
1097140001052209280,Deleted
1098384467524227072,Deleted
1098654493565222656,Deleted
1101420988296716160,Deleted
1105905636188016640,Deleted
1107840417284931584,Deleted
1109256129492762624,Suspended
1110097339522445056,Deleted
1110221398792904832,Deleted
1111101951020720000,Deleted
1151431086104297472,Active
1173451103343665152,Active
1174262320790417408,Active
1174450958945980416,Active
1193514812334055424,Active
1228669088391745536,Active
1114550006864855040,Deleted
1116137163798794240,Deleted
1117882918049865600,Deleted
1123911388160843520,Deleted
1137957898741403520,Deleted
1150782124464791680,Deleted
1151258048599658496,Suspended
1152707891608113280,Deleted
1159489261864964096,Deleted
1159568587419340800,Suspended
1164651776546627584,Suspended
1165398811008819200,Suspended
1166844461994971136,Deleted
1169080390113325056,Deleted
1176466803737944064,Deleted
1178167402259000064,Deleted
1179810517852069888,Deleted
1186008181471924224,Deleted
1189678448010317824,Deleted
1192387693071785984,Suspended
1200268873892712448,Suspended
1201887448709705728,Deleted
1203152672683184128,Deleted
1212868084479823872,Suspended
1215501781817528320,Suspended
1216813036473868288,Deleted
1216985701104918528,Suspended
1218261991481135104,Deleted
1220384458177687552,Deleted
1226972009411772416,Deleted
1227366227443515392,Suspended
1229130534053433344,Deleted
1229644898950733824,Suspended
1230049989738536704,Deleted
1235212598859223040,Suspended
1237092192511918080,Suspended
1238467680773894144,Deleted
1242853042933940224,Deleted
1244219536561315840,Deleted
15656004,Active
18673125,Active
22822556,Active
22972709,Active
30849514,Active
37275487,Active
66205247,Active
73025974,Active
85904700,Active
109604292,Active
116572628,Active
123603770,Active
133259087,Active
139438330,Active
218981783,Active
253637278,Active
256138776,Active
276547070,Active
278570134,Active
337374800,Active
339542327,Active
360343192,Active
371806506,Active
374037230,Active
532438266,Active
623258004,Active
634127491,Active
637211551,Active
766392294,Active
7712832,Suspended
16585101,Suspended
17760630,Suspended
18393418,Suspended
19380916,Suspended
19921268,Suspended
20271982,Suspended
23341972,Deleted
24790428,Suspended
27185670,Suspended
28037002,Suspended
28625375,Suspended
29547555,Suspended
30266529,Suspended
33139373,Suspended
39890390,Deleted
42283761,Suspended
43838991,Suspended
52439119,Suspended
53745076,Suspended
55227849,Suspended
55638625,Suspended
55915345,Deleted
66053650,Suspended
66299698,Suspended
78328789,Suspended
89300184,Suspended
108510851,Suspended
129949447,Suspended
137552604,Suspended
146591896,Suspended
158950134,Suspended
184529787,Suspended
192376232,Suspended
252097435,Suspended
253750776,Deleted
254705800,Suspended
271871753,Deleted
272118514,Suspended
277817081,Suspended
292904253,Suspended
300187498,Suspended
310471172,Suspended
311535208,Suspended
321035269,Suspended
325356525,Suspended
333890160,Suspended
351854847,Suspended
375096676,Suspended
386111879,Suspended
395032876,Suspended
405341045,Suspended
422202151,Deleted
424664120,Suspended
488580338,Suspended
519899474,Suspended
540106220,Suspended
543775569,Suspended
559640052,Suspended
563130155,Suspended
565629301,Suspended
569612713,Suspended
570115053,Suspended
574784221,Suspended
707173556,Suspended
712936263,Suspended
716409301,Suspended
755547306,Suspended
801050580,Deleted
836346872,Suspended
838261279,Suspended
